From which country is this flag?,South Africa,Namibia,Botswana,Zimbabwe,Kenya,A,https://upload.wikimedia.org/wikipedia/commons/thumb/a/af/Flag_of_South_Africa.svg/125px-Flag_of_South_Africa.svg.png
From which country is this flag?,Albania,Montenegro,North Macedonia,Serbia,Turkey,A,https://upload.wikimedia.org/wikipedia/commons/thumb/3/36/Flag_of_Albania.svg/125px-Flag_of_Albania.svg.png
From which country is this flag?,Germany,Belgium,Uganda,Netherlands,Estonia,A,https://upload.wikimedia.org/wikipedia/commons/thumb/b/ba/Flag_of_Germany.svg/125px-Flag_of_Germany.svg.png
From which country is this flag?,Andorra,Moldova,Chad,Romania,Spain,A,https://upload.wikimedia.org/wikipedia/commons/thumb/1/19/Flag_of_Andorra.svg/125px-Flag_of_Andorra.svg.png
From which country is this flag?,Angola,South Sudan,Mozambique,Zimbabwe,Guinea-Bissau,A,https://upload.wikimedia.org/wikipedia/commons/thumb/9/9d/Flag_of_Angola.svg/125px-Flag_of_Angola.svg.png
From which country is this flag?,Antigua and Barbuda,Bahamas,Belize,Jamaica,Trinidad and Tobago,A,https://upload.wikimedia.org/wikipedia/commons/thumb/8/89/Flag_of_Antigua_and_Barbuda.svg/125px-Flag_of_Antigua_and_Barbuda.svg.png
From which country is this flag?,Saudi Arabia,Iran,Iraq,Sudan,Jordan,A,https://upload.wikimedia.org/wikipedia/commons/thumb/0/0d/Flag_of_Saudi_Arabia.svg/125px-Flag_of_Saudi_Arabia.svg.png
From which country is this flag?,Algeria,Palestine,Pakistan,Sudan,Libya,A,https://upload.wikimedia.org/wikipedia/commons/thumb/7/77/Flag_of_Algeria.svg/125px-Flag_of_Algeria.svg.png
From which country is this flag?,Argentina,Uruguay,El Salvador,Honduras,Guatemala,A,https://upload.wikimedia.org/wikipedia/commons/thumb/1/1a/Flag_of_Argentina.svg/125px-Flag_of_Argentina.svg.png
From which country is this flag?,Armenia,Georgia,Estonia,Moldova,Romania,A,https://upload.wikimedia.org/wikipedia/commons/thumb/2/2f/Flag_of_Armenia.svg/125px-Flag_of_Armenia.svg.png
From which country is this flag?,Australia,New Zealand,United Kingdom,Fiji,Papua New Guinea,A,https://upload.wikimedia.org/wikipedia/commons/thumb/8/88/Flag_of_Australia_%28converted%29.svg/125px-Flag_of_Australia_%28converted%29.svg.png
From which country is this flag?,Austria,Latvia,Poland,Indonesia,Denmark,A,https://upload.wikimedia.org/wikipedia/commons/thumb/4/41/Flag_of_Austria.svg/125px-Flag_of_Austria.svg.png
From which country is this flag?,Azerbaijan,Turkmenistan,Kazakhstan,Uzbekistan,Armenia,A,https://upload.wikimedia.org/wikipedia/commons/thumb/d/dd/Flag_of_Azerbaijan.svg/125px-Flag_of_Azerbaijan.svg.png
From which country is this flag?,Bahamas,Barbados,Trinidad and Tobago,Antigua and Barbuda,Jamaica,A,https://upload.wikimedia.org/wikipedia/commons/thumb/9/93/Flag_of_the_Bahamas.svg/125px-Flag_of_the_Bahamas.svg.png
From which country is this flag?,Bangladesh,Japan,Palestine,Algeria,Pakistan,A,https://upload.wikimedia.org/wikipedia/commons/thumb/f/f9/Flag_of_Bangladesh.svg/125px-Flag_of_Bangladesh.svg.png
From which country is this flag?,Barbados,Bahamas,Trinidad and Tobago,Antigua and Barbuda,Jamaica,A,https://upload.wikimedia.org/wikipedia/commons/thumb/e/ef/Flag_of_Barbados.svg/125px-Flag_of_Barbados.svg.png
From which country is this flag?,Bahrain,Qatar,United Arab Emirates,Jordan,Yemen,A,https://upload.wikimedia.org/wikipedia/commons/thumb/2/2c/Flag_of_Bahrain.svg/125px-Flag_of_Bahrain.svg.png
From which country is this flag?,Belgium,Germany,Uganda,Lithuania,Estonia,A,https://upload.wikimedia.org/wikipedia/commons/thumb/6/65/Flag_of_Belgium.svg/125px-Flag_of_Belgium.svg.png
From which country is this flag?,Belize,Honduras,El Salvador,Guatemala,Trinidad and Tobago,A,https://upload.wikimedia.org/wikipedia/commons/thumb/e/e7/Flag_of_Belize.svg/125px-Flag_of_Belize.svg.png
From which country is this flag?,Benin,Cameroon,Mali,Guinea,Burkina Faso,A,https://upload.wikimedia.org/wikipedia/commons/thumb/0/0a/Flag_of_Benin.svg/125px-Flag_of_Benin.svg.png
From which country is this flag?,Belarus,Ukraine,Russia,Poland,Lithuania,A,https://upload.wikimedia.org/wikipedia/commons/thumb/8/85/Flag_of_Belarus.svg/125px-Flag_of_Belarus.svg.png
From which country is this flag?,Bolivia,Peru,Ecuador,Chile,Paraguay,A,https://upload.wikimedia.org/wikipedia/commons/thumb/d/de/Flag_of_Bolivia_%28state%29.svg/125px-Flag_of_Bolivia_%28state%29.svg.png
From which country is this flag?,Bosnia and Herzegovina,Serbia,Croatia,Slovenia,Montenegro,A,https://upload.wikimedia.org/wikipedia/commons/thumb/b/bf/Flag_of_Bosnia_and_Herzegovina.svg/125px-Flag_of_Bosnia_and_Herzegovina.svg.png
From which country is this flag?,Botswana,South Africa,Namibia,Kenya,Zimbabwe,A,https://upload.wikimedia.org/wikipedia/commons/thumb/f/fa/Flag_of_Botswana.svg/125px-Flag_of_Botswana.svg.png
From which country is this flag?,Brazil,Argentina,Colombia,Uruguay,Chile,A,https://upload.wikimedia.org/wikipedia/commons/thumb/0/05/Flag_of_Brazil.svg/125px-Flag_of_Brazil.svg.png
From which country is this flag?,Brunei,Malaysia,Indonesia,Thailand,Philippines,A,https://upload.wikimedia.org/wikipedia/commons/thumb/9/9c/Flag_of_Brunei.svg/125px-Flag_of_Brunei.svg.png
From which country is this flag?,Bulgaria,Serbia,North Macedonia,Romania,Greece,A,https://upload.wikimedia.org/wikipedia/commons/thumb/9/9a/Flag_of_Bulgaria.svg/125px-Flag_of_Bulgaria.svg.png
From which country is this flag?,Burkina Faso,Niger,Mali,Senegal,Ghana,A,https://upload.wikimedia.org/wikipedia/commons/thumb/3/31/Flag_of_Burkina_Faso.svg/125px-Flag_of_Burkina_Faso.svg.png
From which country is this flag?,Burundi,Rwanda,Uganda,Tanzania,Malawi,A,https://upload.wikimedia.org/wikipedia/commons/thumb/5/50/Flag_of_Burundi.svg/125px-Flag_of_Burundi.svg.png
From which country is this flag?,Bhutan,Nepal,India,Bangladesh,Myanmar,A,https://upload.wikimedia.org/wikipedia/commons/thumb/9/91/Flag_of_Bhutan.svg/125px-Flag_of_Bhutan.svg.png
From which country is this flag?,Cape Verde,Mauritania,Senegal,Guinea-Bissau,Sierra Leone,A,https://upload.wikimedia.org/wikipedia/commons/thumb/3/38/Flag_of_Cape_Verde.svg/125px-Flag_of_Cape_Verde.svg.png
From which country is this flag?,Cameroon,Chad,Nigeria,Central African Republic,Gabon,A,https://upload.wikimedia.org/wikipedia/commons/thumb/4/4f/Flag_of_Cameroon.svg/125px-Flag_of_Cameroon.svg.png
From which country is this flag?,Cambodia,Thailand,Vietnam,Laos,Myanmar,A,https://upload.wikimedia.org/wikipedia/commons/thumb/8/83/Flag_of_Cambodia.svg/125px-Flag_of_Cambodia.svg.png
From which country is this flag?,Canada,United States,Mexico,Australia,New Zealand,A,https://upload.wikimedia.org/wikipedia/commons/thumb/d/d9/Flag_of_Canada_%28Pantone%29.svg/125px-Flag_of_Canada_%28Pantone%29.svg.png
From which country is this flag?,Qatar,United Arab Emirates,Bahrain,Oman,Saudi Arabia,A,https://upload.wikimedia.org/wikipedia/commons/thumb/6/65/Flag_of_Qatar.svg/125px-Flag_of_Qatar.svg.png
From which country is this flag?,Kazakhstan,Uzbekistan,Kyrgyzstan,Mongolia,Turkmenistan,A,https://upload.wikimedia.org/wikipedia/commons/thumb/d/d3/Flag_of_Kazakhstan.svg/125px-Flag_of_Kazakhstan.svg.png
From which country is this flag?,Central African Republic,Gabon,Cameroon,Chad,Congo,A,https://upload.wikimedia.org/wikipedia/commons/thumb/6/6f/Flag_of_the_Central_African_Republic.svg/125px-Flag_of_the_Central_African_Republic.svg.png
From which country is this flag?,Chad,Cameroon,Guinea,Central African Republic,Mali,A,https://upload.wikimedia.org/wikipedia/commons/thumb/4/4b/Flag_of_Chad.svg/125px-Flag_of_Chad.svg.png
From which country is this flag?,Czech Republic,Slovakia,Poland,Austria,Hungary,A,https://upload.wikimedia.org/wikipedia/commons/thumb/c/cb/Flag_of_the_Czech_Republic.svg/125px-Flag_of_the_Czech_Republic.svg.png
From which country is this flag?,Chile,Argentina,Paraguay,Uruguay,Bolivia,A,https://upload.wikimedia.org/wikipedia/commons/thumb/7/78/Flag_of_Chile.svg/125px-Flag_of_Chile.svg.png
From which country is this flag?,People's Republic of China,Japan,Taiwan,South Korea,North Korea,A,https://upload.wikimedia.org/wikipedia/commons/thumb/f/fa/Flag_of_the_People%27s_Republic_of_China.svg/125px-Flag_of_the_People%27s_Republic_of_China.svg.png
From which country is this flag?,Cyprus,Greece,Turkey,Malta,Lebanon,A,https://upload.wikimedia.org/wikipedia/commons/thumb/d/d4/Flag_of_Cyprus.svg/125px-Flag_of_Cyprus.svg.png
From which country is this flag?,Colombia,Ecuador,Peru,Venezuela,Bolivia,A,https://upload.wikimedia.org/wikipedia/commons/thumb/2/21/Flag_of_Colombia.svg/125px-Flag_of_Colombia.svg.png
From which country is this flag?,Comoros,Mauritius,Maldives,Malawi,Seychelles,A,https://upload.wikimedia.org/wikipedia/commons/thumb/9/94/Flag_of_the_Comoros.svg/125px-Flag_of_the_Comoros.svg.png
From which country is this flag?,Democratic Republic of Congo,Republic of Congo,Angola,Zambia,Uganda,A,https://upload.wikimedia.org/wikipedia/commons/thumb/6/6f/Flag_of_the_Democratic_Republic_of_the_Congo.svg/125px-Flag_of_the_Democratic_Republic_of_the_Congo.svg.png
From which country is this flag?,North Korea,South Korea,China,Japan,Vietnam,A,https://upload.wikimedia.org/wikipedia/commons/thumb/5/51/Flag_of_North_Korea.svg/125px-Flag_of_North_Korea.svg.png
From which country is this flag?,South Korea,Japan,China,Thailand,North Korea,A,https://upload.wikimedia.org/wikipedia/commons/thumb/0/09/Flag_of_South_Korea.svg/125px-Flag_of_South_Korea.svg.png
From which country is this flag?,Cote d'Ivoire,Ghana,Nigeria,Senegal,Mali,A,https://upload.wikimedia.org/wikipedia/commons/thumb/f/fe/Flag_of_C%C3%B4te_d%27Ivoire.svg/125px-Flag_of_C%C3%B4te_d%27Ivoire.svg.png
From which country is this flag?,Costa Rica,Honduras,Nicaragua,Panama,El Salvador,A,https://upload.wikimedia.org/wikipedia/commons/thumb/f/f2/Flag_of_Costa_Rica.svg/125px-Flag_of_Costa_Rica.svg.png
From which country is this flag?,Croatia,Slovenia,Serbia,Montenegro,Bosnia and Herzegovina,A,https://upload.wikimedia.org/wikipedia/commons/thumb/1/1b/Flag_of_Croatia.svg/125px-Flag_of_Croatia.svg.png
From which country is this flag?,Kuwait,Jordan,Oman,Saudi Arabia,United Arab Emirates,A,https://upload.wikimedia.org/wikipedia/commons/thumb/a/aa/Flag_of_Kuwait.svg/125px-Flag_of_Kuwait.svg.png
From which country is this flag?,Cuba,Dominican Republic,Puerto Rico,Honduras,Panama,A,https://upload.wikimedia.org/wikipedia/commons/thumb/b/bd/Flag_of_Cuba.svg/125px-Flag_of_Cuba.svg.png
From which country is this flag?,Denmark,Sweden,Norway,Finland,Iceland,A,https://upload.wikimedia.org/wikipedia/commons/thumb/9/9c/Flag_of_Denmark.svg/125px-Flag_of_Denmark.svg.png
From which country is this flag?,Dominica,Saint Lucia,Grenada,Barbados,Antigua and Barbuda,A,https://upload.wikimedia.org/wikipedia/commons/thumb/c/c4/Flag_of_Dominica.svg/125px-Flag_of_Dominica.svg.png
From which country is this flag?,Dominican Republic,Haiti,Cuba,Puerto Rico,Jamaica,A,https://upload.wikimedia.org/wikipedia/commons/thumb/9/9f/Flag_of_the_Dominican_Republic.svg/125px-Flag_of_the_Dominican_Republic.svg.png
From which country is this flag?,Egypt,Sudan,Libya,Jordan,Algeria,A,https://upload.wikimedia.org/wikipedia/commons/thumb/f/fe/Flag_of_Egypt.svg/125px-Flag_of_Egypt.svg.png
From which country is this flag?,United Arab Emirates,Saudi Arabia,Bahrain,Qatar,Oman,A,https://upload.wikimedia.org/wikipedia/commons/thumb/c/cb/Flag_of_the_United_Arab_Emirates.svg/125px-Flag_of_the_United_Arab_Emirates.svg.png
From which country is this flag?,Ecuador,Colombia,Peru,Venezuela,Bolivia,A,https://upload.wikimedia.org/wikipedia/commons/thumb/e/e8/Flag_of_Ecuador.svg/125px-Flag_of_Ecuador.svg.png
From which country is this flag?,Eritrea,Djibouti,Somalia,Ethiopia,Kenya,A,https://upload.wikimedia.org/wikipedia/commons/thumb/2/29/Flag_of_Eritrea.svg/125px-Flag_of_Eritrea.svg.png
From which country is this flag?,Slovakia,Slovenia,Czech Republic,Hungary,Austria,A,https://upload.wikimedia.org/wikipedia/commons/thumb/e/e6/Flag_of_Slovakia.svg/125px-Flag_of_Slovakia.svg.png
From which country is this flag?,Slovenia,Slovakia,Serbia,Croatia,Bosnia and Herzegovina,A,https://upload.wikimedia.org/wikipedia/commons/thumb/f/f0/Flag_of_Slovenia.svg/125px-Flag_of_Slovenia.svg.png
From which country is this flag?,Spain,Portugal,Italy,France,Andorra,A,https://upload.wikimedia.org/wikipedia/commons/thumb/9/9a/Flag_of_Spain.svg/125px-Flag_of_Spain.svg.png
From which country is this flag?,Eswatini,Zimbabwe,Lesotho,Botswana,Malawi,A,https://upload.wikimedia.org/wikipedia/commons/thumb/f/fb/Flag_of_Eswatini.svg/125px-Flag_of_Eswatini.svg.png
From which country is this flag?,United States,Canada,Mexico,Australia,United Kingdom,A,https://upload.wikimedia.org/wikipedia/commons/thumb/a/a4/Flag_of_the_United_States.svg/125px-Flag_of_the_United_States.svg.png
From which country is this flag?,Estonia,Latvia,Lithuania,Finland,Russia,A,https://upload.wikimedia.org/wikipedia/commons/thumb/8/8f/Flag_of_Estonia.svg/125px-Flag_of_Estonia.svg.png
From which country is this flag?,Ethiopia,Kenya,Sudan,Uganda,Eritrea,A,https://upload.wikimedia.org/wikipedia/commons/thumb/7/71/Flag_of_Ethiopia.svg/125px-Flag_of_Ethiopia.svg.png
From which country is this flag?,Fiji,Samoa,Tonga,Vanuatu,Tuvalu,A,https://upload.wikimedia.org/wikipedia/commons/thumb/b/ba/Flag_of_Fiji.svg/125px-Flag_of_Fiji.svg.png
From which country is this flag?,Philippines,Malaysia,Thailand,Indonesia,Myanmar,A,https://upload.wikimedia.org/wikipedia/commons/thumb/9/99/Flag_of_the_Philippines.svg/125px-Flag_of_the_Philippines.svg.png
From which country is this flag?,Finland,Sweden,Norway,Iceland,Denmark,A,https://upload.wikimedia.org/wikipedia/commons/thumb/b/bc/Flag_of_Finland.svg/125px-Flag_of_Finland.svg.png
From which country is this flag?,France,Belgium,Netherlands,Italy,Spain,A,https://upload.wikimedia.org/wikipedia/commons/thumb/b/bc/Flag_of_France_%281794%E2%80%931815%2C_1830%E2%80%931974%2C_2020%E2%80%93present%29.svg/125px-Flag_of_France_%281794%E2%80%931815%2C_1830%E2%80%931974%2C_2020%E2%80%93present%29.svg.png
From which country is this flag?,Gabon,Republic of Congo,Cameroon,Angola,Nigeria,A,https://upload.wikimedia.org/wikipedia/commons/thumb/0/04/Flag_of_Gabon.svg/125px-Flag_of_Gabon.svg.png
From which country is this flag?,The Gambia,Sierra Leone,Guinea,Senegal,Liberia,A,https://upload.wikimedia.org/wikipedia/commons/thumb/7/77/Flag_of_The_Gambia.svg/125px-Flag_of_The_Gambia.svg.png
From which country is this flag?,Ghana,Togo,Nigeria,Senegal,Mali,A,https://upload.wikimedia.org/wikipedia/commons/thumb/1/19/Flag_of_Ghana.svg/125px-Flag_of_Ghana.svg.png
From which country is this flag?,Georgia,Armenia,Azerbaijan,Turkey,Russia,A,https://upload.wikimedia.org/wikipedia/commons/thumb/0/0f/Flag_of_Georgia.svg/125px-Flag_of_Georgia.svg.png
From which country is this flag?,Grenada,Barbados,Saint Vincent and the Grenadines,Trinidad and Tobago,Saint Lucia,A,https://upload.wikimedia.org/wikipedia/commons/thumb/b/bc/Flag_of_Grenada.svg/125px-Flag_of_Grenada.svg.png
From which country is this flag?,Greece,Cyprus,Turkey,Albania,Bulgaria,A,https://upload.wikimedia.org/wikipedia/commons/thumb/5/5c/Flag_of_Greece.svg/125px-Flag_of_Greece.svg.png
From which country is this flag?,Guatemala,Honduras,Belize,El Salvador,Nicaragua,A,https://upload.wikimedia.org/wikipedia/commons/thumb/e/ec/Flag_of_Guatemala.svg/125px-Flag_of_Guatemala.svg.png
From which country is this flag?,Guyana,Suriname,Belize,Trinidad and Tobago,Barbados,A,https://upload.wikimedia.org/wikipedia/commons/thumb/9/99/Flag_of_Guyana.svg/125px-Flag_of_Guyana.svg.png
From which country is this flag?,Guinea,Sierra Leone,Guinea-Bissau,Senegal,Mali,A,https://upload.wikimedia.org/wikipedia/commons/thumb/e/ed/Flag_of_Guinea.svg/125px-Flag_of_Guinea.svg.png
From which country is this flag?,Guinea-Bissau,Senegal,Sierra Leone,Guinea,Liberia,A,https://upload.wikimedia.org/wikipedia/commons/thumb/0/01/Flag_of_Guinea-Bissau.svg/125px-Flag_of_Guinea-Bissau.svg.png
From which country is this flag?,Equatorial Guinea,Gabon,Cameroon,Angola,Republic of Congo,A,https://upload.wikimedia.org/wikipedia/commons/thumb/3/31/Flag_of_Equatorial_Guinea.svg/125px-Flag_of_Equatorial_Guinea.svg.png
From which country is this flag?,Haiti,Dominican Republic,Cuba,Puerto Rico,Jamaica,A,https://upload.wikimedia.org/wikipedia/commons/thumb/5/56/Flag_of_Haiti.svg/125px-Flag_of_Haiti.svg.png
From which country is this flag?,Honduras,Guatemala,El Salvador,Nicaragua,Costa Rica,A,https://upload.wikimedia.org/wikipedia/commons/thumb/8/82/Flag_of_Honduras.svg/125px-Flag_of_Honduras.svg.png
From which country is this flag?,Hungary,Austria,Czech Republic,Slovakia,Poland,A,https://upload.wikimedia.org/wikipedia/commons/thumb/c/c1/Flag_of_Hungary.svg/125px-Flag_of_Hungary.svg.png
From which country is this flag?,Yemen,Saudi Arabia,Egypt,Oman,Sudan,A,https://upload.wikimedia.org/wikipedia/commons/thumb/8/89/Flag_of_Yemen.svg/125px-Flag_of_Yemen.svg.png
From which country is this flag?,India,Pakistan,Sri Lanka,Nepal,Bangladesh,A,https://upload.wikimedia.org/wikipedia/commons/thumb/4/41/Flag_of_India.svg/125px-Flag_of_India.svg.png
From which country is this flag?,Indonesia,Malaysia,Philippines,Singapore,Thailand,A,https://upload.wikimedia.org/wikipedia/commons/thumb/9/9f/Flag_of_Indonesia.svg/125px-Flag_of_Indonesia.svg.png
From which country is this flag?,Iran,Iraq,Syria,Afghanistan,Turkey,A,https://upload.wikimedia.org/wikipedia/commons/thumb/c/ca/Flag_of_Iran.svg/125px-Flag_of_Iran.svg.png
From which country is this flag?,Iraq,Iran,Syria,Jordan,Kuwait,A,https://upload.wikimedia.org/wikipedia/commons/thumb/f/f6/Flag_of_Iraq.svg/125px-Flag_of_Iraq.svg.png
From which country is this flag?,Ireland,Italy,France,Netherlands,Belgium,A,https://upload.wikimedia.org/wikipedia/commons/thumb/4/45/Flag_of_Ireland.svg/125px-Flag_of_Ireland.svg.png
From which country is this flag?,Iceland,Denmark,Norway,Finland,Greenland,A,https://upload.wikimedia.org/wikipedia/commons/thumb/c/ce/Flag_of_Iceland.svg/125px-Flag_of_Iceland.svg.png
From which country is this flag?,Israel,Jordan,Egypt,Turkey,Lebanon,A,https://upload.wikimedia.org/wikipedia/commons/thumb/d/d4/Flag_of_Israel.svg/125px-Flag_of_Israel.svg.png
From which country is this flag?,Italy,Ireland,France,Romania,Spain,A,https://upload.wikimedia.org/wikipedia/commons/thumb/0/03/Flag_of_Italy.svg/125px-Flag_of_Italy.svg.png
From which country is this flag?,Jamaica,Bahamas,Trinidad and Tobago,Barbados,Cuba,A,https://upload.wikimedia.org/wikipedia/commons/thumb/0/0a/Flag_of_Jamaica.svg/125px-Flag_of_Jamaica.svg.png
From which country is this flag?,Japan,South Korea,China,Taiwan,Thailand,A,https://upload.wikimedia.org/wikipedia/commons/thumb/9/9e/Flag_of_Japan.svg/125px-Flag_of_Japan.svg.png
From which country is this flag?,Djibouti,Ethiopia,Somalia,Eritrea,Kenya,A,https://upload.wikimedia.org/wikipedia/commons/thumb/3/34/Flag_of_Djibouti.svg/125px-Flag_of_Djibouti.svg.png
From which country is this flag?,Jordan,Lebanon,Syria,Saudi Arabia,Palestine,A,https://upload.wikimedia.org/wikipedia/commons/thumb/c/c0/Flag_of_Jordan.svg/125px-Flag_of_Jordan.svg.png
From which country is this flag?,Laos,Thailand,Vietnam,Cambodia,Myanmar,A,https://upload.wikimedia.org/wikipedia/commons/thumb/5/56/Flag_of_Laos.svg/125px-Flag_of_Laos.svg.png
From which country is this flag?,Lesotho,Botswana,Swaziland,South Africa,Zimbabwe,A,https://upload.wikimedia.org/wikipedia/commons/thumb/4/4a/Flag_of_Lesotho.svg/125px-Flag_of_Lesotho.svg.png
From which country is this flag?,Latvia,Lithuania,Estonia,Finland,Poland,A,https://upload.wikimedia.org/wikipedia/commons/thumb/8/84/Flag_of_Latvia.svg/125px-Flag_of_Latvia.svg.png
From which country is this flag?,Lebanon,Israel,Jordan,Egypt,Syria,A,https://upload.wikimedia.org/wikipedia/commons/thumb/5/59/Flag_of_Lebanon.svg/125px-Flag_of_Lebanon.svg.png
From which country is this flag?,Liberia,Ghana,Sierra Leone,Nigeria,Guinea,A,https://upload.wikimedia.org/wikipedia/commons/thumb/b/b8/Flag_of_Liberia.svg/125px-Flag_of_Liberia.svg.png
From which country is this flag?,Libya,Egypt,Tunisia,Algeria,Sudan,A,https://upload.wikimedia.org/wikipedia/commons/thumb/0/05/Flag_of_Libya.svg/125px-Flag_of_Libya.svg.png
From which country is this flag?,Liechtenstein,Switzerland,Austria,Germany,Luxembourg,A,https://upload.wikimedia.org/wikipedia/commons/thumb/4/47/Flag_of_Liechtenstein.svg/125px-Flag_of_Liechtenstein.svg.png
From which country is this flag?,Lithuania,Latvia,Estonia,Poland,Ukraine,A,https://upload.wikimedia.org/wikipedia/commons/thumb/1/11/Flag_of_Lithuania.svg/125px-Flag_of_Lithuania.svg.png
From which country is this flag?,Luxembourg,Belgium,Netherlands,France,Switzerland,A,https://upload.wikimedia.org/wikipedia/commons/thumb/d/da/Flag_of_Luxembourg.svg/125px-Flag_of_Luxembourg.svg.png
From which country is this flag?,North Macedonia,Albania,Serbia,Greece,Bulgaria,A,https://upload.wikimedia.org/wikipedia/commons/thumb/7/79/Flag_of_North_Macedonia.svg/125px-Flag_of_North_Macedonia.svg.png
From which country is this flag?,Madagascar,Mauritius,Seychelles,Comoros,Malawi,A,https://upload.wikimedia.org/wikipedia/commons/thumb/b/bc/Flag_of_Madagascar.svg/125px-Flag_of_Madagascar.svg.png
From which country is this flag?,Malaysia,Indonesia,Philippines,Singapore,Thailand,A,https://upload.wikimedia.org/wikipedia/commons/thumb/6/66/Flag_of_Malaysia.svg/125px-Flag_of_Malaysia.svg.png
From which country is this flag?,Malawi,Zambia,Mozambique,Tanzania,Zimbabwe,A,https://upload.wikimedia.org/wikipedia/commons/thumb/d/d1/Flag_of_Malawi.svg/125px-Flag_of_Malawi.svg.png
From which country is this flag?,Maldives,Sri Lanka,India,Indonesia,Bangladesh,A,https://upload.wikimedia.org/wikipedia/commons/thumb/0/0f/Flag_of_Maldives.svg/125px-Flag_of_Maldives.svg.png
From which country is this flag?,Mali,Niger,Senegal,Guinea,Ivory Coast,A,https://upload.wikimedia.org/wikipedia/commons/thumb/9/92/Flag_of_Mali.svg/125px-Flag_of_Mali.svg.png
From which country is this flag?,Malta,Cyprus,Greece,Italy,Turkey,A,https://upload.wikimedia.org/wikipedia/commons/thumb/7/73/Flag_of_Malta.svg/125px-Flag_of_Malta.svg.png
From which country is this flag?,Marshall Islands,Micronesia,Palau,Kiribati,Tonga,A,https://upload.wikimedia.org/wikipedia/commons/thumb/2/2e/Flag_of_the_Marshall_Islands.svg/125px-Flag_of_the_Marshall_Islands.svg.png
From which country is this flag?,Morocco,Algeria,Egypt,Tunisia,Libya,A,https://upload.wikimedia.org/wikipedia/commons/thumb/2/2c/Flag_of_Morocco.svg/125px-Flag_of_Morocco.svg.png
From which country is this flag?,Mauritius,Comoros,Malawi,Madagascar,Seychelles,A,https://upload.wikimedia.org/wikipedia/commons/thumb/7/77/Flag_of_Mauritius.svg/125px-Flag_of_Mauritius.svg.png
From which country is this flag?,Mauritania,Senegal,Mali,Niger,Algeria,A,https://upload.wikimedia.org/wikipedia/commons/thumb/4/43/Flag_of_Mauritania.svg/125px-Flag_of_Mauritania.svg.png
From which country is this flag?,Mexico,Brazil,Colombia,Argentina,Chile,A,https://upload.wikimedia.org/wikipedia/commons/thumb/f/fc/Flag_of_Mexico.svg/125px-Flag_of_Mexico.svg.png
From which country is this flag?,Myanmar,Thailand,Laos,Cambodia,Bangladesh,A,https://upload.wikimedia.org/wikipedia/commons/thumb/f/fb/Myanmar_long_form.svg/200px-Myanmar_long_form.svg.png
From which country is this flag?,Federated States of Micronesia,Palau,Marshall Islands,Nauru,Samoa,A,https://upload.wikimedia.org/wikipedia/commons/thumb/e/e4/Flag_of_the_Federated_States_of_Micronesia.svg/125px-Flag_of_the_Federated_States_of_Micronesia.svg.png
From which country is this flag?,Mozambique,Mali,Tanzania,Zambia,Zimbabwe,A,https://upload.wikimedia.org/wikipedia/commons/thumb/d/d0/Flag_of_Mozambique.svg/125px-Flag_of_Mozambique.svg.png
From which country is this flag?,Moldova,Romania,Ukraine,Latvia,Estonia,A,https://upload.wikimedia.org/wikipedia/commons/thumb/2/27/Flag_of_Moldova.svg/125px-Flag_of_Moldova.svg.png
From which country is this flag?,Monaco,Indonesia,Poland,Singapore,Malta,A,https://upload.wikimedia.org/wikipedia/commons/thumb/e/ea/Flag_of_Monaco.svg/125px-Flag_of_Monaco.svg.png
From which country is this flag?,Mongolia,Kazakhstan,Kyrgyzstan,Tajikistan,Uzbekistan,A,https://upload.wikimedia.org/wikipedia/commons/thumb/4/4a/Monggol_ulus.svg/30px-Monggol_ulus.svg.png
From which country is this flag?,Montenegro,Serbia,Croatia,Bosnia,Greece,A,https://upload.wikimedia.org/wikipedia/commons/thumb/6/64/Flag_of_Montenegro.svg/125px-Flag_of_Montenegro.svg.png
From which country is this flag?,Namibia,Zimbabwe,Botswana,Angola,Zambia,A,https://upload.wikimedia.org/wikipedia/commons/thumb/0/00/Flag_of_Namibia.svg/125px-Flag_of_Namibia.svg.png
From which country is this flag?,Nauru,Tuvalu,Fiji,Micronesia,Palau,A,https://upload.wikimedia.org/wikipedia/commons/thumb/3/30/Flag_of_Nauru.svg/125px-Flag_of_Nauru.svg.png
From which country is this flag?,Nepal,Bhutan,Bangladesh,India,Sri Lanka,A,https://upload.wikimedia.org/wikipedia/commons/thumb/9/9b/Flag_of_Nepal.svg/125px-Flag_of_Nepal.svg.png
From which country is this flag?,Nicaragua,Honduras,Guatemala,El Salvador,Costa Rica,A,https://upload.wikimedia.org/wikipedia/commons/thumb/1/19/Flag_of_Nicaragua.svg/125px-Flag_of_Nicaragua.svg.png
From which country is this flag?,Niger,Mali,Burkina Faso,Chad,Nigeria,A,https://upload.wikimedia.org/wikipedia/commons/thumb/f/f4/Flag_of_Niger.svg/125px-Flag_of_Niger.svg.png
From which country is this flag?,Nigeria,Ghana,Cameroon,Sudan,Uganda,A,https://upload.wikimedia.org/wikipedia/commons/thumb/7/79/Flag_of_Nigeria.svg/125px-Flag_of_Nigeria.svg.png
From which country is this flag?,New Zealand,Australia,United Kingdom,Canada,South Africa,A,https://upload.wikimedia.org/wikipedia/commons/thumb/3/3e/Flag_of_New_Zealand.svg/125px-Flag_of_New_Zealand.svg.png
From which country is this flag?,Oman,Yemen,Saudi Arabia,UAE,Kuwait,A,https://upload.wikimedia.org/wikipedia/commons/thumb/d/dd/Flag_of_Oman.svg/125px-Flag_of_Oman.svg.png
From which country is this flag?,Netherlands,Belgium,France,Germany,Denmark,A,https://upload.wikimedia.org/wikipedia/commons/thumb/2/20/Flag_of_the_Netherlands.svg/125px-Flag_of_the_Netherlands.svg.png
From which country is this flag?,Palau,Tuvalu,Micronesia,Marshall Islands,Fiji,A,https://upload.wikimedia.org/wikipedia/commons/thumb/4/48/Flag_of_Palau.svg/125px-Flag_of_Palau.svg.png
From which country is this flag?,Palestine,Jordan,Israel,Egypt,Syria,A,https://upload.wikimedia.org/wikipedia/commons/thumb/0/00/Flag_of_Palestine.svg/125px-Flag_of_Palestine.svg.png
From which country is this flag?,Panama,Costa Rica,Colombia,Venezuela,Ecuador,A,https://upload.wikimedia.org/wikipedia/commons/thumb/a/ab/Flag_of_Panama.svg/125px-Flag_of_Panama.svg.png
From which country is this flag?,Papua New Guinea,Fiji,Solomon Islands,Vanuatu,Samoa,A,https://upload.wikimedia.org/wikipedia/commons/thumb/e/e3/Flag_of_Papua_New_Guinea.svg/125px-Flag_of_Papua_New_Guinea.svg.png
From which country is this flag?,Pakistan,Bangladesh,Afghanistan,India,Maldives,A,https://upload.wikimedia.org/wikipedia/commons/thumb/3/32/Flag_of_Pakistan.svg/125px-Flag_of_Pakistan.svg.png
From which country is this flag?,Paraguay,Uruguay,Bolivia,Argentina,Chile,A,https://upload.wikimedia.org/wikipedia/commons/thumb/2/27/Flag_of_Paraguay.svg/125px-Flag_of_Paraguay.svg.png
From which country is this flag?,Peru,Chile,Argentina,Ecuador,Colombia,A,https://upload.wikimedia.org/wikipedia/commons/thumb/c/cf/Flag_of_Peru.svg/125px-Flag_of_Peru.svg.png
From which country is this flag?,Poland,Indonesia,Austria,Denmark,Switzerland,A,https://upload.wikimedia.org/wikipedia/commons/thumb/1/12/Flag_of_Poland.svg/125px-Flag_of_Poland.svg.png
From which country is this flag?,Portugal,Spain,Italy,France,Belgium,A,https://upload.wikimedia.org/wikipedia/commons/thumb/5/5c/Flag_of_Portugal.svg/125px-Flag_of_Portugal.svg.png
From which country is this flag?,Kenya,Tanzania,Uganda,Ethiopia,Rwanda,A,https://upload.wikimedia.org/wikipedia/commons/thumb/4/49/Flag_of_Kenya.svg/125px-Flag_of_Kenya.svg.png
From which country is this flag?,Kyrgyzstan,Kazakhstan,Uzbekistan,Tajikistan,Turkmenistan,A,https://upload.wikimedia.org/wikipedia/commons/thumb/c/c7/Flag_of_Kyrgyzstan.svg/125px-Flag_of_Kyrgyzstan.svg.png
From which country is this flag?,Kiribati,Tonga,Fiji,Samoa,Vanuatu,A,https://upload.wikimedia.org/wikipedia/commons/thumb/d/d3/Flag_of_Kiribati.svg/125px-Flag_of_Kiribati.svg.png
From which country is this flag?,United Kingdom,Australia,Canada,New Zealand,United States,A,https://upload.wikimedia.org/wikipedia/commons/thumb/8/83/Flag_of_the_United_Kingdom_%283-5%29.svg/125px-Flag_of_the_United_Kingdom_%283-5%29.svg.png
From which country is this flag?,Romania,Guinea,Moldova,Ukraine,Slovakia,A,https://upload.wikimedia.org/wikipedia/commons/thumb/7/73/Flag_of_Romania.svg/125px-Flag_of_Romania.svg.png
From which country is this flag?,Rwanda,Burundi,Uganda,Kenya,Congo,A,https://upload.wikimedia.org/wikipedia/commons/thumb/1/17/Flag_of_Rwanda.svg/125px-Flag_of_Rwanda.svg.png
From which country is this flag?,Russia,Slovakia,Serbia,Poland,Ukraine,A,https://upload.wikimedia.org/wikipedia/commons/thumb/f/f3/Flag_of_Russia.svg/125px-Flag_of_Russia.svg.png
From which country is this flag?,Solomon Islands,Papua New Guinea,Vanuatu,Tonga,Fiji,A,https://upload.wikimedia.org/wikipedia/commons/thumb/7/74/Flag_of_the_Solomon_Islands.svg/125px-Flag_of_the_Solomon_Islands.svg.png
From which country is this flag?,El Salvador,Honduras,Nicaragua,Costa Rica,Panama,A,https://upload.wikimedia.org/wikipedia/commons/thumb/3/34/Flag_of_El_Salvador.svg/125px-Flag_of_El_Salvador.svg.png
From which country is this flag?,Samoa,Tonga,Fiji,Vanuatu,Tuvalu,A,https://upload.wikimedia.org/wikipedia/commons/thumb/3/31/Flag_of_Samoa.svg/125px-Flag_of_Samoa.svg.png
From which country is this flag?,Saint Lucia,Barbados,Trinidad and Tobago,Grenada,Antigua and Barbuda,A,https://upload.wikimedia.org/wikipedia/commons/thumb/9/9f/Flag_of_Saint_Lucia.svg/125px-Flag_of_Saint_Lucia.svg.png
From which country is this flag?,Saint Kitts and Nevis,Dominica,Barbados,Bahamas,Grenada,A,https://upload.wikimedia.org/wikipedia/commons/thumb/f/fe/Flag_of_Saint_Kitts_and_Nevis.svg/125px-Flag_of_Saint_Kitts_and_Nevis.svg.png
From which country is this flag?,San Marino,Italy,Vatican,Monaco,Malta,A,https://upload.wikimedia.org/wikipedia/commons/thumb/b/b1/Flag_of_San_Marino.svg/125px-Flag_of_San_Marino.svg.png
From which country is this flag?,São Tomé and Príncipe,Equatorial Guinea,Angola,Niger,Namibia,A,https://upload.wikimedia.org/wikipedia/commons/thumb/0/0a/Flag_of_S%C3%A3o_Tom%C3%A9_and_Pr%C3%ADncipe.svg/125px-Flag_of_S%C3%A3o_Tom%C3%A9_and_Pr%C3%ADncipe.svg.png
From which country is this flag?,Saint Vincent and Grenadines,Barbados,Dominica,Jamaica,Antigua and Barbuda,A,https://upload.wikimedia.org/wikipedia/commons/thumb/6/6d/Flag_of_Saint_Vincent_and_the_Grenadines.svg/125px-Flag_of_Saint_Vincent_and_the_Grenadines.svg.png
From which country is this flag?,Senegal,Mali,Gambia,Ghana,Guinea,A,https://upload.wikimedia.org/wikipedia/commons/thumb/f/fd/Flag_of_Senegal.svg/125px-Flag_of_Senegal.svg.png
From which country is this flag?,Sierra Leone,Liberia,Ghana,The Gambia,Cameroon,A,https://upload.wikimedia.org/wikipedia/commons/thumb/1/17/Flag_of_Sierra_Leone.svg/125px-Flag_of_Sierra_Leone.svg.png
From which country is this flag?,Serbia,Croatia,Bosnia and Herzegovina,Montenegro,Slovenia,A,https://upload.wikimedia.org/wikipedia/commons/thumb/f/ff/Flag_of_Serbia.svg/125px-Flag_of_Serbia.svg.png
From which country is this flag?,Singapore,Malaysia,Brunei,Indonesia,Thailand,A,https://upload.wikimedia.org/wikipedia/commons/thumb/4/48/Flag_of_Singapore.svg/125px-Flag_of_Singapore.svg.png
From which country is this flag?,Syria,Lebanon,Iraq,Jordan,Palestine,A,https://upload.wikimedia.org/wikipedia/commons/thumb/5/53/Flag_of_Syria.svg/125px-Flag_of_Syria.svg.png
From which country is this flag?,Somalia,Ethiopia,Kenya,Djibouti,Sudan,A,https://upload.wikimedia.org/wikipedia/commons/thumb/a/a0/Flag_of_Somalia.svg/125px-Flag_of_Somalia.svg.png
From which country is this flag?,Sri Lanka,India,Bhutan,Nepal,Maldives,A,https://upload.wikimedia.org/wikipedia/commons/thumb/1/11/Flag_of_Sri_Lanka.svg/125px-Flag_of_Sri_Lanka.svg.png
From which country is this flag?,Sudan,South Sudan,Egypt,Chad,Libya,A,https://upload.wikimedia.org/wikipedia/commons/thumb/0/01/Flag_of_Sudan.svg/125px-Flag_of_Sudan.svg.png
From which country is this flag?,Sweden,Norway,Finland,Denmark,Iceland,A,https://upload.wikimedia.org/wikipedia/commons/thumb/4/4c/Flag_of_Sweden.svg/125px-Flag_of_Sweden.svg.png
From which country is this flag?,Switzerland ,Austria,Germany,Liechtenstein,Italy,A,https://upload.wikimedia.org/wikipedia/commons/thumb/0/08/Flag_of_Switzerland_%28Pantone%29.svg/125px-Flag_of_Switzerland_%28Pantone%29.svg.png
From which country is this flag?,Suriname,Paraguay,Bolivia,Guyana,Ecuador,A,https://upload.wikimedia.org/wikipedia/commons/thumb/6/60/Flag_of_Suriname.svg/125px-Flag_of_Suriname.svg.png
From which country is this flag?,Thailand,Laos,Cambodia,Burma,Vietnam,A,https://upload.wikimedia.org/wikipedia/commons/thumb/a/a9/Flag_of_Thailand.svg/125px-Flag_of_Thailand.svg.png
From which country is this flag?,Tajikistan,Kyrgyzstan,Kazakhstan,Turkmenistan,Uzbekistan,A,https://upload.wikimedia.org/wikipedia/commons/thumb/d/d0/Flag_of_Tajikistan.svg/125px-Flag_of_Tajikistan.svg.png
From which country is this flag?,Tanzania,Zambia,Kenya,Uganda,Rwanda,A,https://upload.wikimedia.org/wikipedia/commons/thumb/3/38/Flag_of_Tanzania.svg/125px-Flag_of_Tanzania.svg.png
From which country is this flag?,East Timor,Indonesia,Brunei,Australia,Philippines,A,https://upload.wikimedia.org/wikipedia/commons/thumb/2/26/Flag_of_East_Timor.svg/125px-Flag_of_East_Timor.svg.png
From which country is this flag?,Togo,Ghana,Benin,Nigeria,Côte d'Ivoire,A,https://upload.wikimedia.org/wikipedia/commons/thumb/6/68/Flag_of_Togo.svg/125px-Flag_of_Togo.svg.png
From which country is this flag?,Tonga,Fiji,Samoa,Vanuatu,Solomon Islands,A,https://upload.wikimedia.org/wikipedia/commons/thumb/9/9a/Flag_of_Tonga.svg/125px-Flag_of_Tonga.svg.png
From which country is this flag?,Trinidad and Tobago,Jamaica,Bahamas,Barbados,Guyana,A,https://upload.wikimedia.org/wikipedia/commons/thumb/6/64/Flag_of_Trinidad_and_Tobago.svg/125px-Flag_of_Trinidad_and_Tobago.svg.png
From which country is this flag?,Tunisia,Algeria,Morocco,Libya,Egypt,A,https://upload.wikimedia.org/wikipedia/commons/thumb/c/ce/Flag_of_Tunisia.svg/125px-Flag_of_Tunisia.svg.png
From which country is this flag?,Turkmenistan,Uzbekistan,Kazakhstan,Tajikistan,Azerbaijan,A,https://upload.wikimedia.org/wikipedia/commons/thumb/1/1b/Flag_of_Turkmenistan.svg/125px-Flag_of_Turkmenistan.svg.png
From which country is this flag?,Turkey,Cyprus,Greece,Bulgaria,Armenia,A,https://upload.wikimedia.org/wikipedia/commons/thumb/b/b4/Flag_of_Turkey.svg/125px-Flag_of_Turkey.svg.png
From which country is this flag?,Tuvalu,Samoa,Tonga,Fiji,Kiribati,A,https://upload.wikimedia.org/wikipedia/commons/thumb/3/38/Flag_of_Tuvalu.svg/125px-Flag_of_Tuvalu.svg.png
From which country is this flag?,Ukraine,Russia,Belarus,Moldova,Georgia,A,https://upload.wikimedia.org/wikipedia/commons/thumb/4/49/Flag_of_Ukraine.svg/125px-Flag_of_Ukraine.svg.png
From which country is this flag?,Uganda,Tanzania,Kenya,Rwanda,Burundi,A,https://upload.wikimedia.org/wikipedia/commons/thumb/4/4e/Flag_of_Uganda.svg/125px-Flag_of_Uganda.svg.png
From which country is this flag?,Uruguay,Argentina,Paraguay,Brazil,Chile,A,https://upload.wikimedia.org/wikipedia/commons/thumb/f/fe/Flag_of_Uruguay.svg/125px-Flag_of_Uruguay.svg.png
From which country is this flag?,Uzbekistan,Tajikistan,Kyrgyzstan,Kazakhstan,Turkmenistan,A,https://upload.wikimedia.org/wikipedia/commons/thumb/8/84/Flag_of_Uzbekistan.svg/125px-Flag_of_Uzbekistan.svg.png
From which country is this flag?,Vanuatu,Samoa,Tonga,Solomon Islands,Fiji,A,https://upload.wikimedia.org/wikipedia/commons/thumb/b/bc/Flag_of_Vanuatu.svg/125px-Flag_of_Vanuatu.svg.png
From which country is this flag?,Vatican City ,San Marino,Monaco,Liechtenstein,Malta,A,https://upload.wikimedia.org/wikipedia/commons/thumb/b/b3/Flag_of_Vatican_City_%282023%E2%80%93present%29.svg/125px-Flag_of_Vatican_City_%282023%E2%80%93present%29.svg.png
From which country is this flag?,Venezuela,Colombia,Ecuador,Peru,Bolivia,A,https://upload.wikimedia.org/wikipedia/commons/thumb/0/06/Flag_of_Venezuela.svg/125px-Flag_of_Venezuela.svg.png
From which country is this flag?,Vietnam,Cambodia,Laos,Thailand,Malaysia,A,https://upload.wikimedia.org/wikipedia/commons/thumb/2/21/Flag_of_Vietnam.svg/125px-Flag_of_Vietnam.svg.png
From which country is this flag?,Zambia,Zimbabwe,Tanzania,Malawi,Botswana,A,https://upload.wikimedia.org/wikipedia/commons/thumb/0/06/Flag_of_Zambia.svg/125px-Flag_of_Zambia.svg.png
From which country is this flag?,Zimbabwe,Zambia,South Africa,Botswana,Namibia,A,https://upload.wikimedia.org/wikipedia/commons/thumb/6/6a/Flag_of_Zimbabwe.svg/125px-Flag_of_Zimbabwe.svg.png
From which country is this flag?,Turkish Republic of Northern Cyprus,Turkey,Cyprus,Greece,Azerbaijan,A,https://upload.wikimedia.org/wikipedia/commons/thumb/1/1e/Flag_of_the_Turkish_Republic_of_Northern_Cyprus.svg/125px-Flag_of_the_Turkish_Republic_of_Northern_Cyprus.svg.png
From which country is this flag?,Cook Islands,Fiji,Tonga,Samoa,Niue,A,https://upload.wikimedia.org/wikipedia/commons/thumb/3/35/Flag_of_the_Cook_Islands.svg/125px-Flag_of_the_Cook_Islands.svg.png
From which country is this flag?,Kosovo,Serbia,Montenegro,Bosnia and Herzegovina,North Macedonia,A,https://upload.wikimedia.org/wikipedia/commons/thumb/1/1f/Flag_of_Kosovo.svg/125px-Flag_of_Kosovo.svg.png
From which country is this flag?,Niue,Cook Islands,Tonga,Samoa,Fiji,A,https://upload.wikimedia.org/wikipedia/commons/thumb/0/01/Flag_of_Niue.svg/125px-Flag_of_Niue.svg.png
From which country is this flag?,Republic of China (Taiwan),China,South Korea,Hong Kong,Japan,A,https://upload.wikimedia.org/wikipedia/commons/thumb/7/72/Flag_of_the_Republic_of_China.svg/125px-Flag_of_the_Republic_of_China.svg.png
